{
	"info": {
		"_postman_id": "9cc919b5-4adb-4dbd-99d0-d890d06088f4",
		"name": "CollectionPostman",
		"schema": "https://schema.getpostman.com/json/collection/v2.1.0/collection.json"
	},
	"item": [
		{
			"name": "GET",
			"item": [
				{
					"name": "New Request",
					"request": {
						"method": "GET",
						"header": [],
						"url": {
							"raw": "localhost:8989/employees",
							"host": [
								"localhost"
							],
							"port": "8989",
							"path": [
								"employees"
							]
						}
					},
					"response": []
				}
			]
		},
		{
			"name": "POST",
			"item": [
				{
					"name": "New Request",
					"request": {
						"method": "GET",
						"header": [],
						"url": null
					},
					"response": []
				}
			]
		},
		{
			"name": "PUT",
			"item": [
				{
					"name": "New Request",
					"request": {
						"method": "GET",
						"header": [],
						"url": null
					},
					"response": []
				}
			]
		},
		{
			"name": "DELETE",
			"item": [
				{
					"name": "New Request",
					"request": {
						"method": "GET",
						"header": [],
						"url": null
					},
					"response": []
				}
			]
		}
	]
}